
USE bigmart1;


DROP TABLE IF EXISTS admin;

CREATE TABLE admin (
  `AdminId` int NOT NULL AUTO_INCREMENT,
  `Name` varchar(255) DEFAULT NULL,
  `Ranked` varchar(32) DEFAULT NULL,
  `Role` varchar(255) DEFAULT NULL,
  PRIMARY KEY (`AdminId`)
) ;



INSERT INTO admin VALUES (1,'Jasper','1','Manager'),(2,'Ray','2','Analyst'),(3,'Kiara','3','Back-end'),(4,'Madeson','2','Analyst'),(5,'Dylan','2','Back-end'),(6,'Madeline','1','tester'),(7,'Brenda','2','Back-end'),(8,'Clinton','3','Analyst'),(9,'Cassady','2','Manager'),(10,'Rhonda','2','tester'),(11,'Heidi','3','Analyst'),(12,'Melanie','3','Back-end'),(13,'Jamal','2','Manager'),(14,'Walker','3','UX-designer'),(15,'Marah','2','Analyst'),(16,'Farrah','2','tester'),(17,'Imani','2','Manager'),(18,'Kitra','3','Back-end'),(19,'Daryl','2','UX-designer'),(20,'Darius','3','Analyst'),(21,'Octavius','3','tester'),(22,'Colton','2','Back-end'),(23,'Carl','2','Manager'),(24,'Aaron','1','tester'),(25,'Imogene','2','Analyst'),(26,'Moana','1','UX-designer'),(27,'Logan','2','Back-end'),(28,'Barrett','2','Manager'),(29,'Lester','2','Analyst'),(30,'Akeem','1','tester'),(31,'Justin','2','Analyst'),(32,'Allen','1','Back-end'),(33,'Wesley','2','Manager'),(34,'Brianna','2','UX-designer'),(35,'Kathleen','2','tester'),(36,'Baxter','2','Analyst'),(37,'Shad','1','Back-end'),(38,'Elton','2','Manager'),(39,'Nathan','2','tester'),(40,'Summer','3','Analyst'),(41,'Edan','1','UX-designer'),(42,'Madonna','2','Manager'),(43,'Sonya','2','Architect'),(44,'Jeremy','2','UX-designer'),(45,'Lyle','3','tester'),(46,'Adena','3','Analyst'),(47,'Lee','1','Back-end'),(48,'Lewis','2','Manager'),(49,'Brenda','2','Analyst'),(50,'Damon','2','UX-designer'),(51,'Zorita','1','Back-end'),(52,'Deacon','2','Manager'),(53,'Tasha','1','Architect'),(54,'Dalton','2','Analyst'),(55,'Shafira','1','UX-designer'),(56,'Idona','3','Back-end'),(57,'Tucker','2','Manager'),(58,'Maite','3','Architect'),(59,'Hanae','1','Analyst'),(60,'Phelan','2','tester'),(61,'Harding','1','Manager'),(62,'Alisa','1','UX-designer'),(63,'Indira','2','Back-end'),(64,'Pearl','2','Architect'),(65,'Jaquelyn','1','Manager'),(66,'Cade','2','UX-designer'),(67,'Lance','2','Analyst'),(68,'Wallace','2','tester'),(69,'Gretchen','3','Manager'),(70,'Rhoda','1','Architect'),(71,'James','3','Analyst'),(72,'Cleo','2','UX-designer'),(73,'Teagan','2','Manager'),(74,'Kato','1','tester'),(75,'Cullen','2','Back-end'),(76,'Walker','2','Architect'),(77,'Shay','2','Manager'),(78,'Xantha','2','tester'),(79,'Odette','3','Analyst'),(80,'Helen','2','UX-designer'),(81,'Xena','2','Manager'),(82,'Rogan','3','Architect'),(83,'TaShya','2','Manager'),(84,'Venus','1','Back-end'),(85,'Jacqueline','1','Back-end'),(86,'Ira','2','Manager'),(87,'Flynn','1','tester'),(88,'Kiayada','2','Back-end'),(89,'Brynne','2','Manager'),(90,'Cain','2','Analyst'),(91,'Ocean','2','Architect'),(92,'Thomas','2','UX-designer'),(93,'Raja','2','Manager'),(94,'Renee','2','Back-end'),(95,'Lionel','2','Analyst'),(96,'Anastasia','3','tester'),(97,'Catherine','2','Manager'),(98,'Kiayada','2','Back-end'),(99,'Sheila','3','Analyst'),(100,'Maxine','2','Back-end');



DROP TABLE IF EXISTS customer;

CREATE TABLE customer (
  `CustId` int NOT NULL AUTO_INCREMENT,
  `cus_firstname` varchar(255) DEFAULT NULL,
  `cus_middlename` varchar(255) DEFAULT NULL,
  `cus_lastname` varchar(255) DEFAULT NULL,
  `cus_address` varchar(511) DEFAULT NULL,
  `mobile_no` int DEFAULT NULL,
  `Account_Balance` int DEFAULT NULL,
  `Subcription_Type` varchar(32) DEFAULT 'normal',
  PRIMARY KEY (`CustId`),
  UNIQUE KEY `CustId` (`CustId`),
  UNIQUE KEY `mobile_no` (`mobile_no`)
) ;


INSERT INTO customer VALUES (1,'Lowe','Dieter','Stuart','P.O. Box 839, 3589 Montes, Av.',9214548,1705,'prime'),(2,'Nieves','Wesley','Zoe','835-2582 Quam, Rd.',6263412,1059,'elite'),(3,'Wagner','Scarlet','Madeline','5269 Diam Road',1964756,5694,'normal'),(4,'Osborne','Erica','Levi','Ap #418-4353 Semper St.',7156127,4526,'normal'),(5,'Valencia','Tanek','Lance','Ap #891-3720 Ut Rd.',8162636,9902,'prime'),(6,'Hood','Hall','Scarlett','538-3032 Nam Rd.',7841659,2523,'elite'),(7,'Casey','Xantha','Justine','P.O. Box 644, 2189 Mus. Rd.',8865484,1659,'normal'),(8,'Knight','Lionel','Amber','7014 Id, Ave',6474658,8998,'prime'),(9,'Vincent','Aline','Adele','Ap #292-2130 Ullamcorper. Road',2665256,1187,'normal'),(10,'Lynn','Harrison','Nissim','P.O. Box 281, 7859 Ligula. St.',8459058,681,'elite'),(11,'Leach','Margaret','Barclay','814-9761 Tellus St.',5957856,6586,'prime'),(12,'Wood','Blake','Kato','6142 Sit St.',4168686,2316,'normal'),(13,'Ward','Theodore','Silas','P.O. Box 834, 5756 Pellentesque Rd.',5216247,426,'elite'),(14,'Lane','Evangeline','Wendy','702-8116 Curabitur Ave',8435335,3881,'prime'),(15,'Rojas','Emma','Dillon','423-3524 Hendrerit Street',7230692,3598,'normal'),(16,'Ray','Orson','Prescott','239-4151 Augue Street',4844893,7970,'normal'),(17,'Munoz','Elizabeth','Tate','P.O. Box 319, 362 Magna Av.',5415480,7658,'elite'),(18,'Hayes','Chastity','Mark','P.O. Box 863, 3440 Sed St.',7822117,2495,'prime'),(19,'Holt','Xenos','Rhona','Ap #914-6660 Lorem Rd.',5645352,4677,'normal'),(20,'Todd','Kennan','Colt','349-5345 Amet St.',5267469,5342,'normal'),(21,'Lee','Jerry','Inez','8180 Nam Street',3782367,6924,'prime'),(22,'Justice','May','Benjamin','521-4811 Et, Street',2263482,5217,'elite'),(23,'Hale','Guy','Keely','846-6338 Sollicitudin St.',8541791,5250,'normal'),(24,'Pacheco','Christopher','Hamish','P.O. Box 613, 6071 Risus. Rd.',5515523,7383,'prime'),(25,'Fry','Donna','Carolyn','Ap #127-7033 Felis. St.',5266566,8166,'normal'),(26,'Cochran','Axel','Judah','Ap #129-4161 A, Avenue',8348834,1971,'prime'),(27,'Sanchez','Leonard','Helen','Ap #127-2707 Adipiscing Rd.',2743914,7676,'elite'),(28,'Strong','Aristotle','Summer','524-8168 Lacinia Avenue',9038188,9854,'prime'),(29,'Kline','Kitra','Avram','1188 Diam. St.',2841818,8979,'normal'),(30,'Albert','Hammett','Porter','P.O. Box 194, 3858 Lorem. Road',9371195,9103,'prime'),(31,'Owens','Rajah','Sydney','Ap #797-4604 Et Av.',3951656,5273,'normal'),(32,'Alston','Nevada','Ulysses','2767 Aliquam Ave',1775303,6736,'elite'),(33,'Hoffman','Daria','Leah','802-9075 Placerat, St.',6761656,1851,'prime'),(34,'Anderson','Erica','Francis','Ap #745-8577 Sem. Rd.',8720549,9769,'normal'),(35,'Dale','Cynthia','Eliana','1304 Tempor Street',2455537,8913,'prime'),(36,'Humphrey','Gloria','Serina','Ap #878-4716 Auctor. Rd.',8822258,5156,'normal'),(37,'Nielsen','Edward','Willow','450 Curabitur St.',3342878,3802,'prime'),(38,'Hays','Philip','Odysseus','770-9203 Nulla St.',3596717,1725,'normal'),(39,'Butler','Shaine','Fatima','Ap #560-7594 Non, Av.',8245205,3805,'prime'),(40,'Delaney','Keefe','Carter','850 Arcu. Ave',6111665,8253,'normal'),(41,'Ware','Ila','Rudyard','Ap #230-8203 Amet Road',3506811,3658,'elite'),(42,'Goodman','Ishmael','Sage','P.O. Box 416, 198 Dolor Rd.',7912133,5526,'prime'),(43,'Cash','Andrew','Ezekiel','156-7772 Nunc Ave',6882615,8924,'normal'),(44,'Leonard','Dylan','Kennedy','374-4362 Tellus Av.',9755651,8641,'prime'),(45,'Gould','Briar','Kane','5701 Ultrices Rd.',4864169,7343,'normal'),(46,'Marks','Aiko','Brady','678-5615 Curae Road',2560127,5392,'normal'),(47,'Perez','Linus','Victoria','Ap #433-3653 Et, St.',7882784,2994,'prime'),(48,'Morris','Angelica','Savannah','P.O. Box 940, 9019 Dolor Rd.',8406748,504,'normal'),(49,'Graves','Tanisha','Briar','Ap #749-713 Proin Avenue',8165670,3026,'elite'),(50,'Reynolds','Frances','Chantale','471-4490 Tellus. Rd.',5680495,6272,'prime'),(51,'Williams','Gage','Hall','Ap #200-268 Fringilla Street',3760382,3980,'normal'),(52,'Coffey','Ian','Elaine','Ap #827-5865 Amet, St.',6974018,9239,'normal'),(53,'Chaney','Wade','Claire','Ap #347-7718 Cras Rd.',3827008,2455,'prime'),(54,'Hyde','Tanisha','Josephine','3341 Odio. Av.',2593121,6339,'normal'),(55,'Parks','Isabella','Brenda','812-9543 Aliquet Avenue',9750185,131,'elite'),(56,'Sherman','Callie','Hedley','P.O. Box 946, 6271 Orci. Street',8109464,2463,'prime'),(57,'Cervantes','Tarik','Kalia','213-320 Elit Rd.',4883538,9007,'normal'),(58,'Mcclain','Keely','Denton','Ap #970-2234 Ultricies Ave',1152749,3475,'normal'),(59,'Logan','Natalie','Eve','814-9227 Nec Avenue',5111944,4384,'prime'),(60,'Juarez','Zahir','Zephr','Ap #419-2987 Rhoncus. Rd.',3117156,7412,'normal'),(61,'Potts','Erich','Jocelyn','506-8893 Mattis. Road',3182202,7130,'normal'),(62,'Trevino','Abraham','Vernon','Ap #785-8055 Et, Avenue',8417623,1942,'prime'),(63,'Haney','Perry','Sandra','Ap #762-4802 Magna St.',1411558,235,'normal'),(64,'Knox','Elton','Knox','2871 Felis. Ave',8266134,5803,'elite'),(65,'Baird','Dean','Rhiannon','P.O. Box 481, 1630 Eget Rd.',9236896,8671,'prime'),(66,'Hoover','Summer','Tashya','P.O. Box 193, 8649 Nulla. Rd.',9878546,6583,'normal'),(67,'Rodgers','Indira','Alfonso','Ap #798-2032 Luctus St.',2423536,5679,'normal'),(68,'Gibson','Veda','Xaviera','P.O. Box 637, 1665 Ut, Avenue',4271447,583,'prime'),(69,'Andrews','Patience','Hu','172-3180 Tellus. Av.',3526685,408,'normal'),(70,'Hines','Abigail','Lenore','Ap #663-212 Aliquam St.',7502428,734,'elite'),(71,'Hahn','Cheyenne','Jessamine','P.O. Box 728, 6959 Vel Av.',4017357,2604,'prime'),(72,'Patterson','Miranda','Zephr','217-5924 Elementum, Av.',2992797,9851,'normal'),(73,'Savage','Cullen','Mannix','8458 Eu Rd.',2130517,9528,'elite'),(74,'Kidd','Brian','Jeremy','669-7889 Tincidunt. Ave',9787512,5927,'prime'),(75,'Dillon','Fritz','Orlando','775-7334 Aliquam St.',5635768,3362,'normal'),(76,'Brennan','Louis','Jemima','Ap #484-6929 Erat Street',8345671,6651,'normal'),(77,'Graves','Vaughan','Honorato','4413 Ut, Road',5474130,5668,'prime'),(78,'Merrill','Pamela','Willow','448-2443 Libero. Rd.',1409812,4676,'normal'),(79,'Alford','Tate','Martha','Ap #400-3247 Lorem, St.',6695936,2324,'elite'),(80,'Young','Bruce','Jarrod','Ap #728-8713 Suscipit, Av.',6396323,6237,'prime'),(81,'Slater','Avram','Shea','907-9985 Penatibus Rd.',1161451,7197,'normal'),(82,'Mann','Winter','Denise','541-5912 Tincidunt Av.',8852965,3547,'normal'),(83,'Trujillo','Adrienne','Hilel','2217 Nunc Ave',5445453,61,'prime'),(84,'Lang','Jason','Stewart','Ap #590-4890 Tempor Av.',2185123,2993,'normal'),(85,'Mendez','Christopher','Valentine','Ap #747-6529 Semper Road',7204563,5949,'normal'),(86,'Simmons','Sydnee','Portia','717-4901 At, Avenue',6688031,6855,'normal'),(87,'Lamb','Xandra','Harlan','Ap #223-335 Risus. Av.',4626222,388,'prime'),(88,'Lawrence','Baker','Yetta','457-9352 Nec St.',7767925,3042,'normal'),(89,'Maddox','Alisa','Ignatius','Ap #581-4732 Eu, St.',8064112,1254,'elite'),(90,'Rocha','Colorado','Jana','Ap #805-6347 Libero St.',2558188,7987,'prime'),(91,'Frederick','Damon','Jolie','P.O. Box 755, 6053 Ligula. Av.',4183245,973,'normal'),(92,'Salinas','Hedda','Serena','865-2748 Accumsan St.',3731141,2202,'normal'),(93,'Lester','Hedda','Darius','Ap #619-6883 Cum Street',7361635,1782,'prime'),(94,'Dudley','September','Hillary','645-9597 Nibh Street',4334939,3854,'normal'),(95,'Austin','Oprah','Francesca','Ap #463-565 Sodales. Ave',8214151,5928,'normal'),(96,'Blanchard','Honorato','Arsenio','7870 Hendrerit Road',2219853,966,'normal'),(97,'Christian','Skyler','Kerry','934-1303 Eleifend Rd.',6360245,7994,'prime'),(98,'Colon','Geoffrey','Omar','115-7092 Pede. Rd.',7702389,2557,'normal'),(99,'Melton','Quinn','Willow','250-369 Magna. Avenue',8655633,2898,'elite'),(100,'Park','Brandon','Glenna','146-2284 Per Av.',3572358,3078,'normal');

DROP TABLE IF EXISTS category;

CREATE TABLE category (
  `CatId` int NOT NULL AUTO_INCREMENT,
  `Cat_name` varchar(255) NOT NULL,
  PRIMARY KEY (`CatId`),
  UNIQUE KEY `CatId` (`CatId`)
) ;


INSERT INTO category VALUES (1,'fruits vegetables'),(2,'snacks'),(3,'instant food'),(4,'diary'),(5,'drinks'),(6,'chocolates'),(7,'tea coffee'),(8,'household cleaning'),(9,'personal care'),(10,'cosmetics'),(11,'baby care'),(12,'pharmacy'),(13,'stationary'),(14,'pet supplies'),(15,'oil'),(16,'sauces'),(17,'mens wear'),(18,'women wear'),(19,'footwear'),(20,'jwellery'),(21,'watches'),(22,'kids wear'),(23,'luggage'),(24,'handbags'),(25,'sunglasses'),(26,'mobiles'),(27,'laptops'),(28,'accessories'),(29,'sports'),(30,'electronic appliances'),(31,'furniture');


DROP TABLE IF EXISTS product;

CREATE TABLE product (
  `ProId` int NOT NULL AUTO_INCREMENT,
  `Pro_name` varchar(255) NOT NULL,
  `P_quantity` int DEFAULT NULL,
  `P_price` int NOT NULL,
  `P_discount` int DEFAULT NULL,
  `CatId` int NOT NULL,
  `P_expiry` varchar(100) DEFAULT NULL,
  PRIMARY KEY (`ProId`,`CatId`),
  UNIQUE KEY `ProId` (`ProId`),
  KEY `CatId` (`CatId`),
  CONSTRAINT `product_ibfk_1` FOREIGN KEY (`CatId`) REFERENCES `category` (`CatId`)
) ;


INSERT INTO product VALUES (1,'sony glass',6,40876,55,25,'May 17, 2023'),(2,'sony tv',18,88194,33,30,'Jan 4, 2023'),(3,'bangle',6,97835,32,20,'Apr 18, 2023'),(4,'timex watch',12,35172,26,21,'Nov 24, 2022'),(5,'shorts',13,50206,13,22,'May 1, 2022'),(6,'Pants',19,52947,37,17,'May 31, 2023'),(7,'saree',19,77862,59,18,'Aug 8, 2022'),(8,'oneplus nord',15,77834,64,26,'Aug 21, 2023'),(9,'studs',7,22148,21,19,'Aug 21, 2022'),(10,'hp pavilion',19,13769,11,27,'May 15, 2023'),(11,'leather sofa',10,15935,69,31,'Mar 15, 2022'),(12,'charger',16,49724,11,28,'Dec 8, 2023'),(13,'apple',16,22663,48,1,'Sep 22, 2023'),(14,'nescafe',14,34040,11,7,'Mar 19, 2023'),(15,'sprite',11,91348,22,5,'Nov 23, 2023'),(16,'lays',6,75870,61,2,'Apr 5, 2023'),(17,'sunflower oil',8,80983,40,15,'Mar 20, 2023'),(18,'maggi',3,21368,44,3,'Nov 16, 2022'),(19,'lipstick',8,34717,30,10,'Nov 2, 2023'),(20,' nike shoes',12,67247,69,19,'Sep 10, 2022'),(21,'cadberry',8,63146,63,6,'Oct 14, 2022'),(22,'maaza',11,22889,65,5,'Nov 22, 2023'),(23,'banana',19,84108,62,1,'May 11, 2022'),(24,'baby powder',4,90933,70,11,'Aug 5, 2022'),(25,'tomato kitchup',7,84333,3,16,'Nov 12, 2023'),(26,'samsung fridge',19,92739,0,30,'Jul 24, 2022'),(27,'cricket bat',6,55482,60,29,'Feb 7, 2024'),(28,'leather handbag',18,83661,4,24,'Aug 16, 2023'),(29,'rolex',16,35295,13,21,'Jul 4, 2022'),(30,'dell',17,72243,67,27,'Jan 6, 2023'),(31,'cap',6,25286,29,22,'Jan 2, 2023'),(32,'ball',12,69130,54,29,'Nov 3, 2022'),(33,'powerbank',5,77540,49,28,'Sep 13, 2022'),(34,'LG AC',13,20012,42,30,'Jun 17, 2023'),(35,'chair',2,19509,45,31,'May 22, 2023'),(36,'necklace',17,96676,28,20,'Oct 24, 2022'),(37,'amul milk',5,44952,6,4,'Dec 9, 2023'),(38,'centre fresh',8,56327,4,6,'May 10, 2022'),(39,'dettol',16,64645,7,9,'May 29, 2023'),(40,'freedom',12,68993,27,15,'Mar 5, 2022'),(41,'orange',10,92135,48,1,'Feb 9, 2023'),(42,'dog bisciut',4,36363,47,14,'Nov 26, 2022'),(43,'cinthol',13,33893,37,9,'Jun 16, 2023'),(44,'pen',10,46452,21,13,'Oct 23, 2023'),(45,'dolo',19,33926,69,12,'Apr 27, 2023'),(46,'bru',18,25004,45,7,'Apr 27, 2023'),(47,'kurkure',9,58601,48,2,'Jul 9, 2023'),(48,'thumsup',20,16349,48,5,'Sep 30, 2022'),(49,'yippee',11,878,26,3,'Jan 16, 2023'),(50,'dark fantasy',19,71346,0,6,'Jul 6, 2023'),(51,'ponds',11,32515,67,10,'Jul 2, 2023'),(52,'pencil',10,67190,51,13,'Apr 20, 2023'),(53,'haldiram',10,50803,60,2,'Sep 16, 2022'),(54,'cat drink',13,90039,9,14,'Dec 20, 2022'),(55,'horlicks',4,3921,48,7,'Aug 25, 2022'),(56,'red label',15,60983,59,7,'Jun 27, 2022'),(57,'tshirt',19,85147,15,17,'May 7, 2023'),(58,'tie',19,96554,60,17,'Jul 25, 2022'),(59,'bag',10,85748,51,23,'May 11, 2022'),(60,'chudidar',7,46804,68,18,'Dec 16, 2023'),(61,'samsung s12',19,49806,7,26,'May 15, 2023'),(62,'football',8,22443,8,29,'Feb 17, 2022'),(63,'samsung tv',5,82604,25,30,'Jul 11, 2023'),(64,'chain',12,50759,5,20,'Sep 4, 2022'),(65,'slipper',2,10601,59,19,'Jul 29, 2023'),(66,'chilli',15,48167,43,16,'May 28, 2022'),(67,'taj',11,58095,37,7,'Oct 31, 2022'),(68,'bingo',9,8043,45,2,'Feb 2, 2024'),(69,'bread',3,81533,61,4,'Jan 17, 2024'),(70,'curd',9,17888,31,4,'Sep 26, 2023'),(71,'tomato',19,80181,53,1,'Dec 14, 2023'),(72,'potato',3,84238,65,1,'Jul 18, 2023'),(73,'7up',2,99184,61,5,'Jul 30, 2022'),(74,'redbull',11,92001,69,5,'Sep 27, 2023'),(75,'bandage',4,18703,11,12,'Apr 29, 2023'),(76,'comb',5,22116,59,10,'Jan 3, 2024'),(77,'blazer',4,95492,17,17,'Jun 4, 2022'),(78,'lyzol',12,65559,36,8,'Aug 5, 2023'),(79,'shuttle',10,897,10,29,'Sep 19, 2022'),(80,'jute bag',12,20484,66,23,'Jan 30, 2024'),(81,'table',18,34896,53,31,'Jul 9, 2022'),(82,'reebok glasses',19,91239,29,25,'May 2, 2022'),(83,'silk handbag',12,72620,54,24,'Mar 11, 2023'),(84,'5star',3,4447,20,6,'Oct 4, 2022'),(85,'butter',19,39391,36,4,'Oct 3, 2023'),(86,'carrot',13,70905,12,1,'Jul 2, 2022'),(87,'linovo',3,98874,68,27,'Feb 16, 2023'),(88,'lifeboy',18,73387,55,8,'Nov 5, 2023'),(89,'stapler',17,14879,62,13,'Mar 9, 2023'),(90,'sandals',18,34325,65,19,'Feb 21, 2023'),(91,'lan cable',6,66589,47,28,'Jul 21, 2023'),(92,'iphone 14',15,46956,67,26,'Sep 18, 2022'),(93,'macbook',5,90915,66,27,'Jun 25, 2023'),(94,'reybond',20,62077,22,25,'Oct 16, 2022'),(95,'syrup',19,28483,55,12,'Jul 30, 2023'),(96,'oats',6,9286,49,3,'Sep 6, 2022'),(97,'coke',13,72901,31,5,'May 8, 2023'),(98,'grapes',19,50774,49,1,'Jun 13, 2023'),(99,'mustard',16,57459,22,15,'Mar 20, 2022'),(100,'socks',16,20864,2,19,'Nov 13, 2022');


DROP TABLE IF EXISTS cart;

CREATE TABLE cart (
  `CartId` int NOT NULL AUTO_INCREMENT,
  `CustId` int DEFAULT NULL,
  `P_quantity` int DEFAULT NULL,
  `P_price` int DEFAULT NULL,
  `ProId` int DEFAULT NULL,
  PRIMARY KEY (`CartId`),
  UNIQUE KEY `CartId` (`CartId`),
  KEY `ProId` (`ProId`),
  CONSTRAINT `cart_ibfk_1` FOREIGN KEY (`ProId`) REFERENCES `product` (`ProId`)
) ;


INSERT INTO cart VALUES (1,74,3,177854,71),(2,46,4,127997,47),(3,17,1,71592,56),(4,15,3,122920,81),(5,74,4,75762,72),(6,92,2,193240,74),(7,84,2,116604,70),(8,64,3,19452,83),(9,63,4,24076,99),(10,43,3,86796,36),(11,76,2,187642,76),(12,71,2,14041,52),(13,68,1,80737,13),(14,19,1,3533,90),(15,85,2,133765,43),(16,42,2,21565,58),(17,81,3,124747,9),(18,83,4,159790,91),(19,30,2,52025,54),(20,33,2,152144,79),(21,62,1,33470,55),(22,32,2,123966,46),(23,91,4,139882,26),(24,57,3,166621,4),(25,57,4,91597,81),(26,84,2,138155,65),(27,31,2,121587,88),(28,49,2,66558,24),(29,55,4,37453,30),(30,21,2,51123,67),(31,39,3,22321,6),(32,39,1,157210,97),(33,50,2,139047,48),(34,73,3,846,99),(35,55,3,31741,96),(36,86,3,154783,20),(37,84,2,104489,31),(38,29,4,68015,44),(39,54,4,186187,83),(40,26,3,43878,10),(41,78,3,198803,39),(42,51,1,49741,95),(43,42,3,108280,38),(44,53,4,118799,48),(45,4,4,129931,45),(46,65,2,129196,27),(47,83,4,120429,83),(48,48,2,147036,45),(49,99,4,157923,86),(50,27,3,76202,50),(51,42,1,191070,25),(52,77,2,31802,93),(53,41,4,4822,44),(54,96,1,39542,80),(55,51,2,156362,94),(56,65,2,43100,93),(57,32,4,127885,48),(58,57,3,177266,92),(59,12,3,107087,88),(60,86,2,120510,15),(61,31,2,168296,24),(62,9,2,98451,82),(63,74,1,94517,76),(64,48,2,169956,87),(65,82,3,163591,70),(66,76,2,4422,34),(67,2,2,197866,60),(68,79,3,102930,71),(69,80,4,76307,4),(70,17,3,46362,42),(71,90,1,20384,91),(72,16,2,118434,89),(73,61,1,92528,97),(74,14,3,168503,90),(75,58,1,79965,57),(76,90,1,128311,68),(77,99,4,191940,83),(78,9,2,35622,53),(79,30,3,51685,87),(80,39,2,45257,49),(81,13,2,98550,54),(82,51,4,73223,91),(83,45,2,151985,41),(84,95,1,5190,22),(85,33,2,192821,78),(86,74,3,178780,46),(87,91,3,27784,67),(88,62,4,23207,87),(89,72,1,152688,62),(90,84,2,100081,11),(91,48,2,85924,28),(92,2,2,53211,14),(93,5,1,14999,98),(94,37,2,43264,96),(95,55,2,187695,46),(96,62,3,73972,54),(97,81,3,151651,88),(98,7,2,24214,29),(99,68,2,189829,47),(100,20,2,122650,95);



DROP TABLE IF EXISTS employee;

CREATE TABLE employee (
  `EmpId` int NOT NULL AUTO_INCREMENT,
  `Emp_firstname` varchar(255) DEFAULT NULL,
  `Emp_midname` varchar(255) DEFAULT NULL,
  `Emp_lastname` varchar(255) DEFAULT NULL,
  `Emp_addr` varchar(255) NOT NULL,
  `Emp_phonenum` varchar(50) DEFAULT NULL,
  `Emp_salary` int NOT NULL,
  `Emp_age` int NOT NULL,
  `Emp_gender` varchar(50) NOT NULL,
  `Del_avail` varchar(50) DEFAULT NULL,
  PRIMARY KEY (`EmpId`)
) ;

INSERT INTO employee VALUES (1,'Calhoun','Tad','Grant','P.O. Box 723, 9061 Fusce Ave','0500208656',40748,29,'male','Yes'),(2,'Joyce','Kitra','Lara','Ap #377-5780 Fringilla St.','07624004414',94705,39,'male','No'),(3,'Serrano','Xandra','Russell','177-616 Cras St.','0800224164',19913,37,'male','Yes'),(4,'Baird','Graham','Hillary','P.O. Box 332, 3129 Malesuada Avenue','07624465363',93165,34,'male','No'),(5,'Hebert','Lani','Yvette','Ap #507-7792 Urna Avenue','0800322143',53185,37,'male','Yes'),(6,'Daniel','Leslie','Phelan','Ap #311-9607 Arcu Ave','07624146116',81066,33,'female','Yes'),(7,'Terry','Desiree','Sylvester','311-3801 Varius. Av.','07624142156',95756,30,'male','Yes'),(8,'Mcknight','Haviva','Isaac','136-1432 Et, Avenue','07624357073',18882,34,'male','No'),(9,'Cline','Germane','Oprah','Ap #470-4159 Ante Avenue','07624067866',15438,35,'female','Yes'),(10,'Anthony','Melissa','Jaime','6955 Dui Ave','0800482866',56329,28,'male','Yes'),(11,'Hurst','Hayden','Unity','P.O. Box 354, 459 Nulla Av.','07624527361',50600,28,'male','No'),(12,'Gallegos','Zachary','Oliver','749-2346 Sed Rd.','0800214433',21682,29,'female','Yes'),(13,'Becker','Zeus','Hannah','5351 Lacus, Av.','0800193886',98137,31,'male','Yes'),(14,'Lee','Kirby','Geraldine','P.O. Box 190, 7144 Vel, Street','0500619747',88459,29,'male','No'),(15,'Mercado','Ivana','Ila','Ap #677-1197 Proin Avenue','0800507775',57352,32,'female','No'),(16,'Robles','Skyler','Orlando','Ap #596-8903 Sed St.','07624473196',18294,39,'male','No'),(17,'Ray','Gil','Olympia','Ap #539-1661 Duis St.','0800250932',67294,35,'male','No'),(18,'Osborne','Xandra','Preston','206-3404 Mauris Rd.','07624210832',34662,37,'male','Yes'),(19,'Adkins','Laura','Colin','Ap #979-2504 Orci, Avenue','0800352328',25632,30,'female','No'),(20,'Edwards','Nathan','Octavius','317-800 Faucibus St.','0800897165',83951,35,'male','No'),(21,'Gibbs','Armand','Linda','127-8189 Lectus Avenue','0500352272',94714,38,'male','No'),(22,'Acosta','Emi','Mari','P.O. Box 287, 4896 In St.','0500721679',33918,38,'female','Yes'),(23,'Richards','Hu','Naomi','728-5893 Blandit Rd.','0500404082',16910,32,'male','Yes'),(24,'Hansen','Carson','Ryder','403-5100 Enim, Av.','0500426807',62551,38,'male','Yes'),(25,'Sellers','Kennan','Dana','2681 Tempus Avenue','07624338674',21485,29,'male','No'),(26,'Cortez','Herman','Nasim','Ap #791-4282 Vel Street','0500988242',35468,29,'male','No'),(27,'Cardenas','Jacqueline','Kuame','Ap #478-3596 Tempus Av.','07624564308',35436,32,'female','No'),(28,'Dalton','Charlotte','Donovan','Ap #230-9841 Auctor Road','0500812640',39104,38,'male','No'),(29,'Schmidt','Ali','Kylan','Ap #160-8682 Fusce Rd.','0800538150',30517,25,'male','Yes'),(30,'Calderon','Zephr','Erasmus','Ap #485-7885 Cursus Ave','07624413154',97090,40,'male','Yes'),(31,'Mercado','Urielle','Ezekiel','P.O. Box 501, 6719 Nunc St.','07624215585',16957,28,'male','Yes'),(32,'Navarro','Chancellor','Connor','Ap #891-2774 Nulla. Avenue','07624815083',96636,37,'male','No'),(33,'Pacheco','Akeem','Clare','1484 Donec Rd.','07624265560',37938,36,'female','Yes'),(34,'Harrison','Cooper','Cairo','Ap #420-8565 Lorem, Avenue','07624324383',41653,26,'male','No'),(35,'Dawson','Candice','Lane','Ap #915-3735 Mauris St.','0800865517',62940,25,'male','Yes'),(36,'Bender','Ferdinand','Kyle','6949 Sagittis St.','07624615406',71007,36,'male','Yes'),(37,'Christensen','Brynne','Leonard','942-9508 Enim Av.','07624468606',59924,29,'male','Yes'),(38,'Velazquez','Malik','Ira','152-8494 Eget, Rd.','0500420648',91588,25,'male','Yes'),(39,'Dodson','Damian','Tamekah','812-6077 Quis, Av.','07624577032',19486,28,'female','No'),(40,'Cline','Joelle','Martina','Ap #507-3557 Natoque Street','0800143174',70142,35,'male','Yes'),(41,'Forbes','Basil','Caesar','Ap #816-4528 Lectus St.','0800154545',72236,33,'male','Yes'),(42,'Dickerson','Sebastian','Roary','6545 Semper Av.','0800212821',50341,25,'male','Yes'),(43,'Yang','Cameron','Joseph','393-4152 Sed St.','07624741317',82845,29,'male','Yes'),(44,'Holloway','Flynn','Martin','Ap #530-9885 Facilisis Road','07624103626',94714,28,'female','No'),(45,'Murphy','Lee','Sacha','839-7022 Semper St.','0500485671',25887,38,'male','No'),(46,'Conway','Zenia','Guy','Ap #280-9481 Aliquam St.','0800263516',83971,37,'male','Yes'),(47,'Simmons','Darrel','Giacomo','3227 Et, St.','07624731682',33959,34,'male','Yes'),(48,'Carver','Hop','Tallulah','313-6537 Neque. Rd.','0800072686',11615,35,'male','No'),(49,'Newton','Trevor','Maggy','5174 Augue Rd.','0800053973',54973,26,'male','No'),(50,'Beard','Brynn','Jermaine','P.O. Box 629, 8958 Odio. Ave','0800383975',45964,39,'male','Yes'),(51,'Mays','Josiah','Nyssa','Ap #739-4322 Morbi St.','0800124208',39298,37,'male','No'),(52,'Gordon','Merrill','Ignacia','869-669 Pellentesque Rd.','0500875118',10081,26,'male','No'),(53,'Mccarty','Blake','Haviva','828-6851 Luctus Road','07624447323',86787,38,'female','No'),(54,'Dunn','Karina','Henry','Ap #712-1601 In Ave','0800711842',75886,34,'male','No'),(55,'Atkins','Brock','Imelda','Ap #401-4232 Sodales. Ave','0500315381',60333,35,'male','Yes'),(56,'Sellers','Sonia','Madison','P.O. Box 369, 1358 Curabitur Ave','07624816281',10170,36,'male','No'),(57,'Boyer','Yeo','Colby','Ap #789-719 Odio Ave','0500818225',92109,39,'male','Yes'),(58,'Fisher','Martha','Zephania','Ap #501-5721 Eros. Ave','0800282565',47101,29,'female','No'),(59,'Turner','Lester','Cain','563-8762 Convallis Av.','0800885218',39371,32,'male','No'),(60,'Gardner','Tucker','Martina','P.O. Box 367, 7707 Primis Rd.','0800662170',38278,40,'male','No'),(61,'Klein','Yolanda','Shellie','7656 Ut Avenue','07624209784',95768,34,'male','Yes'),(62,'Cole','Cassandra','Myles','356-6340 Risus. Rd.','07624790071',83287,39,'male','Yes'),(63,'Roberson','Catherine','Cyrus','337-1037 Egestas. Rd.','07624856374',41236,30,'male','Yes'),(64,'Copeland','Abigail','Elvis','Ap #891-9219 Curabitur Road','0800141025',30072,33,'male','No'),(65,'Buckley','Aladdin','Kato','Ap #307-4568 Augue Rd.','0500417212',93497,27,'female','No'),(66,'Rivas','Wallace','Regan','Ap #565-2611 Enim, St.','07624882344',46305,36,'male','Yes'),(67,'Montgomery','Declan','Kasper','P.O. Box 196, 4859 Arcu. Avenue','0800735287',31589,35,'male','Yes'),(68,'Larson','Ina','Ross','P.O. Box 910, 1379 Mauris St.','0800842182',21426,38,'male','No'),(69,'Donovan','Uriah','Shelly','P.O. Box 137, 3332 Sem Avenue','0500076603',87415,26,'female','Yes'),(70,'Little','Merritt','Byron','802-2951 Nulla St.','07624612837',70034,34,'male','No'),(71,'Ferrell','Cyrus','Aurora','P.O. Box 355, 3374 Commodo St.','0500498204',99062,28,'male','No'),(72,'Kane','Walter','Alfreda','P.O. Box 113, 7159 Molestie Road','0800852786',74712,28,'female','No'),(73,'Singleton','Mason','Solomon','603-6390 Odio Rd.','07624240541',82793,34,'male','No'),(74,'Shepherd','Kermit','Price','Ap #893-9919 Sed Street','0500260317',32925,28,'male','No'),(75,'Riggs','Joy','Vaughan','942-1966 Faucibus St.','0500386583',53205,29,'male','No'),(76,'Donaldson','Alexa','Galvin','571-9186 Ac Avenue','0500350609',33844,33,'male','Yes'),(77,'Bernard','Bianca','Emmanuel','937-2910 At Rd.','0500862740',68561,38,'female','Yes'),(78,'Meyer','Amy','Ezekiel','544-3617 Per Street','0800638853',15789,31,'male','Yes'),(79,'Raymond','Jarrod','Jared','Ap #325-6073 Euismod St.','07624512154',76903,38,'male','Yes'),(80,'Rollins','Gil','Julian','3808 Pede Rd.','07624176182',86830,29,'male','No'),(81,'Gilmore','Tate','Hannah','P.O. Box 220, 2302 Diam Rd.','07624532356',14993,28,'female','No'),(82,'Mcdonald','Owen','Todd','175-4731 Odio St.','0800744865',42851,35,'male','Yes'),(83,'Walton','Arsenio','Ann','608-2163 Non St.','0800924824',16882,35,'male','Yes'),(84,'Sexton','Briar','Harlan','550-1970 Vitae, Rd.','07624964115',21598,28,'male','No'),(85,'Booth','Regan','James','Ap #796-1991 Enim Avenue','0800763757',79745,34,'female','Yes'),(86,'O\'Neill','Hayfa','Jocelyn','P.O. Box 127, 7675 Cras Avenue','07624128991',89190,34,'male','Yes'),(87,'Oneil','Halee','Sean','359 Ante. St.','0500624822',69487,26,'male','Yes'),(88,'Hutchinson','Ulysses','Heather','972-6781 Nibh Road','07624830812',57827,37,'female','Yes'),(89,'Albert','Aaron','Daniel','886-911 Eget St.','0500716096',96099,29,'male','No'),(90,'Medina','Uma','Flynn','Ap #233-8411 Sapien, Rd.','0800394696',67231,34,'male','Yes'),(91,'Mccoy','Randall','Jenna','Ap #242-7694 Mauris Av.','0800323212',67977,33,'male','No'),(92,'Roman','Hedy','Yael','P.O. Box 435, 8483 Elit, Street','0800400766',56906,36,'male','No'),(93,'Pollard','Boris','Petra','P.O. Box 125, 4849 Cras St.','07624925605',98708,26,'male','No'),(94,'Richard','Willa','Leila','Ap #140-7968 Nam Avenue','07624361261',45551,26,'female','Yes'),(95,'Curry','Phelan','Shay','P.O. Box 849, 3452 In St.','0500728922',16283,28,'male','Yes'),(96,'Merritt','Macon','Ferdinand','3322 Vel, Road','07624586574',95225,35,'male','Yes'),(97,'Cervantes','Quon','Meghan','P.O. Box 402, 2828 Fusce Ave','0500544380',30031,33,'female','Yes'),(98,'Rodriguez','Ishmael','Bethany','Ap #694-5452 Ut, Rd.','0500751705',33697,26,'male','Yes'),(99,'Todd','Carolyn','Jocelyn','681-3138 Viverra. Avenue','07624861317',93706,27,'male','No'),(100,'Barrett','Alan','Isaac','4002 Sed Ave','07624338257',31330,28,'male','No');

DROP TABLE IF EXISTS order_details;

CREATE TABLE order_details (
  `OrderId` int NOT NULL AUTO_INCREMENT,
  `Order_Date` varchar(50) DEFAULT NULL,
  `Bill` int DEFAULT NULL,
  `Delivery_Address` varchar(255) DEFAULT NULL,
  `Delivery_Agent_Id` int DEFAULT NULL,
  `Delivery_Agent_Name` varchar(255) DEFAULT NULL,
  `Delivery_Agent_Phone_No` varchar(50) DEFAULT NULL,
  `Delivery_Time` varchar(50) DEFAULT NULL,
  `CartId` int DEFAULT NULL,
  `CustId` int DEFAULT NULL,
  `Status` varchar(20) DEFAULT NULL,
  PRIMARY KEY (`OrderId`),
  KEY `CartId` (`CartId`),
  KEY `CustId` (`CustId`),
  CONSTRAINT `order_details_ibfk_1` FOREIGN KEY (`CartId`) REFERENCES `cart` (`CartId`),
  CONSTRAINT `order_details_ibfk_2` FOREIGN KEY (`CustId`) REFERENCES `customer` (`CustId`)
) ;



INSERT INTO order_details VALUES (1,'2023-10-09',220571,'761 Duis Avenue',89,'Ulric','07624500751','9:18 PM',15,27,'packing'),(2,'2023-09-03',166785,'Ap #523-5721 Senectus Road',91,'Oren','07624442122','11:36 AM',22,57,'on the way'),(3,'2022-11-17',41506,'917-507 Aliquam St.',19,'Harlan','0800762683','6:23 AM',71,50,'delivered'),(4,'2024-01-02',391718,'Ap #392-1715 Posuere Ave',21,'Kelly','0800775855','7:01 PM',89,81,'packing'),(5,'2022-08-13',227121,'P.O. Box 271, 1388 Placerat, Avenue',11,'Kirk','07624936035','2:26 PM',44,6,'on the way'),(6,'2022-12-21',178915,'7790 Fringilla St.',13,'Jasper','07624428183','1:51 AM',96,57,'packing'),(7,'2023-11-13',364943,'Ap #940-9839 Elementum Street',48,'Reese','07624015311','2:37 AM',26,11,'on the way'),(8,'2023-07-17',436572,'P.O. Box 508, 9281 Etiam Ave',8,'Philip','0800734114','6:15 PM',70,2,'packing'),(9,'2023-03-31',487010,'P.O. Box 915, 3641 Amet, Street',25,'Hamilton','07624421932','9:21 PM',10,76,'on the way'),(10,'2022-10-13',249024,'P.O. Box 598, 4784 Sit Ave',94,'Zephania','07624253737','7:47 PM',41,19,'packing'),(11,'2023-08-23',259010,'P.O. Box 689, 2392 Rutrum Avenue',99,'Amir','07624477326','8:53 PM',97,58,'delivered'),(12,'2022-06-16',412699,'353-7175 Tellus Street',56,'Fuller','0800211664','8:38 AM',68,68,'on the way'),(13,'2022-05-23',201033,'249-8292 Accumsan Rd.',80,'Gannon','0800857528','7:17 PM',6,66,'packing'),(14,'2022-06-07',346201,'Ap #491-4148 Aliquet. Ave',66,'Leroy','0800626451','10:20 PM',18,82,'on the way'),(15,'2022-10-03',380913,'Ap #557-5483 Adipiscing St.',38,'Christopher','07624201765','10:02 PM',34,35,'packing'),(16,'2023-10-14',177401,'659-1875 Diam Ave',80,'Justin','0800986801','10:46 PM',100,36,'on the way'),(17,'2022-09-23',319650,'Ap #812-1832 At Av.',1,'Jonas','0800154236','9:08 PM',41,63,'packing'),(18,'2024-02-02',415993,'Ap #581-6558 Est. Ave',31,'Conan','0800412437','5:50 PM',85,28,'on the way'),(19,'2022-06-14',293000,'868-2555 Sociis Street',30,'Abdul','0800531947','11:51 PM',10,91,'packing'),(20,'2022-10-13',43337,'460-2014 Nullam St.',90,'Simon','07624832757','8:29 PM',84,9,'delivered'),(21,'2022-06-01',436632,'8050 Facilisis, Rd.',60,'Isaiah','07624654495','4:02 AM',16,69,'packing'),(22,'2023-01-26',99386,'7963 Vivamus Road',46,'Russell','0800884308','9:40 PM',47,83,'on the way'),(23,'2022-10-15',429267,'Ap #267-8001 Rutrum St.',69,'Allen','0800266121','2:15 AM',10,37,'packing'),(24,'2024-02-12',203245,'4447 Eleifend, Ave',51,'Erasmus','0800438504','5:28 PM',91,3,'on the way'),(25,'2023-08-18',166513,'Ap #131-6625 Nulla Avenue',18,'Zachery','07624109837','10:34 AM',27,78,'packing'),(26,'2023-12-09',390522,'Ap #414-9505 Tincidunt Rd.',22,'Merrill','0800346181','4:18 AM',31,48,'delivered'),(27,'2023-05-12',280494,'P.O. Box 888, 6718 Enim. Rd.',41,'Vladimir','07624875735','12:33 AM',38,27,'on the way'),(28,'2023-01-16',84175,'P.O. Box 101, 1209 In Avenue',82,'Zeus','0800375868','6:14 AM',74,2,'packing'),(29,'2022-12-22',54100,'Ap #675-8628 Enim Rd.',71,'Jasper','0800140402','10:35 AM',52,33,'delivered'),(30,'2023-03-10',304208,'5767 Mi St.',35,'Ferris','07624457454','8:18 AM',88,10,'on the way'),(31,'2022-11-28',395256,'Ap #702-4731 Erat St.',73,'Ferdinand','0800635377','10:40 AM',98,68,'packing'),(32,'2022-04-20',80119,'Ap #546-1467 Cras Road',29,'Garth','0800855601','5:55 PM',75,81,'packing'),(33,'2023-06-06',378774,'Ap #392-7608 Maecenas Street',91,'Cain','07624741545','1:44 PM',53,21,'on the way'),(34,'2024-01-15',388989,'Ap #505-1656 Nec, Street',47,'Lucian','07624588666','6:13 AM',80,81,'packing'),(35,'2022-12-02',428715,'Ap #524-3889 Donec Ave',56,'Wade','07624749448','3:50 PM',7,18,'delivered'),(36,'2023-03-31',341422,'133-5809 Erat, Rd.',50,'Keegan','0800738492','8:35 AM',92,23,'on the way'),(37,'2022-08-02',447575,'Ap #503-6706 Velit Rd.',89,'Theodore','0800516132','8:18 AM',44,24,'packing'),(38,'2022-04-08',405596,'Ap #399-8740 Arcu. Av.',69,'Andrew','0800862554','1:43 AM',76,45,'delivered'),(39,'2022-04-18',121173,'5994 Torquent Avenue',3,'Garrett','0800413291','9:30 PM',85,25,'packing'),(40,'2023-01-15',413459,'464-9210 Aliquet, Rd.',20,'Thane','07624045620','8:54 PM',42,78,'on the way'),(41,'2022-03-22',60256,'Ap #810-1688 In St.',63,'Mufutau','0800897034','4:50 PM',25,11,'packing'),(42,'2023-10-28',334138,'525-1630 Nisi. St.',6,'Kenneth','0800141508','5:07 PM',11,36,'delivered'),(43,'2024-02-04',493661,'6701 Tellus Avenue',45,'Nicholas','0800485076','11:31 AM',39,54,'on the way'),(44,'2023-05-14',485193,'Ap #430-6102 Tristique Rd.',10,'Giacomo','0800016674','12:19 PM',47,62,'packing'),(45,'2023-09-18',127473,'Ap #852-439 Id Avenue',85,'Omar','0800008114','4:59 AM',72,48,'delivered'),(46,'2022-04-19',229939,'Ap #841-7716 Elit. St.',9,'Ian','0800868613','5:37 PM',91,26,'on the way'),(47,'2022-07-03',100627,'Ap #652-9577 Penatibus St.',94,'Giacomo','07624941765','4:21 PM',7,36,'packing'),(48,'2023-10-26',220824,'P.O. Box 396, 4547 Nibh Rd.',4,'Louis','0800474159','4:51 PM',8,89,'delivered'),(49,'2023-03-29',119779,'954-4869 Ut Road',36,'Zeph','0800133701','11:40 PM',68,98,'on the way'),(50,'2024-01-20',307630,'Ap #967-8791 Dui Av.',43,'Lawrence','07624198647','3:34 AM',9,1,'packing'),(51,'2022-09-11',239549,'P.O. Box 694, 9275 Lectus Rd.',27,'Quinn','07624315636','3:20 AM',96,69,'on the way'),(52,'2022-06-29',248251,'Ap #733-199 Sed Street',79,'Wang','0800338686','3:26 PM',30,94,'delivered'),(53,'2022-08-19',390855,'967-9617 Magna. St.',56,'Cole','07624821999','7:28 PM',68,90,'packing'),(54,'2024-02-10',211258,'894-7757 Vestibulum Street',80,'Adam','0800074224','3:46 PM',8,70,'on the way'),(55,'2022-02-22',181110,'Ap #826-4674 Eros Rd.',69,'Ray','07624742656','5:52 AM',46,95,'on the way'),(56,'2023-06-22',297229,'Ap #789-3286 Lectus Avenue',95,'Wayne','0800179261','6:12 PM',5,73,'packing'),(57,'2023-05-11',231484,'469 Aliquam Rd.',40,'Burton','0800535475','5:50 AM',61,23,'delivered'),(58,'2023-08-21',300088,'7939 Eu Ave',81,'Xenos','07624867385','2:03 PM',29,45,'delivered'),(59,'2022-05-05',123909,'187-4311 Amet St.',23,'Lawrence','0800851319','9:52 AM',30,75,'packing'),(60,'2023-08-10',433672,'590-1850 Nec Street',25,'Addison','0800482200','6:48 PM',30,40,'delivered'),(61,'2023-12-04',249600,'518-1066 Pellentesque St.',2,'Vincent','0800142678','12:37 AM',84,37,'on the way'),(62,'2023-01-28',343167,'P.O. Box 952, 5704 Integer Rd.',3,'Keefe','07624999918','10:49 PM',31,100,'packing'),(63,'2022-04-16',319712,'Ap #785-5460 Aliquet, Street',20,'Igor','07624929523','6:50 PM',35,72,'delivered'),(64,'2023-05-05',250000,'Ap #604-8107 Bibendum Rd.',81,'Alfonso','0800473823','2:54 AM',94,87,'packing'),(65,'2022-08-31',289597,'984-746 Cras Ave',13,'Nigel','07624315387','7:53 PM',9,46,'on the way'),(66,'2023-11-08',475406,'4216 Lorem Avenue',5,'Chase','07624144772','4:56 AM',97,10,'delivered'),(67,'2023-07-21',118894,'135-685 Sed St.',91,'Uriel','0800423524','6:12 PM',41,63,'packing'),(68,'2023-11-27',343426,'Ap #925-512 Ipsum. Road',6,'Fletcher','07624542784','7:01 PM',84,43,'delivered'),(69,'2022-11-24',116676,'9336 Lectus Ave',78,'Neil','07624501838','4:17 AM',14,70,'packing'),(70,'2023-07-07',52408,'Ap #195-7605 Dui, Avenue',68,'Tanner','0800815115','5:25 PM',41,42,'on the way'),(71,'2023-01-25',299153,'5067 Dictum Street',72,'Dexter','07624161695','9:24 AM',99,70,'delivered'),(72,'2022-11-27',363828,'963-6861 At, St.',31,'Armand','0800581371','9:02 AM',50,74,'packing'),(73,'2022-08-11',295567,'Ap #837-3119 Lacus. Ave',30,'Matthew','0800743989','4:14 AM',76,63,'delivered'),(74,'2023-07-14',220549,'4466 Praesent Ave',3,'Dalton','07624612317','10:44 AM',68,23,'on the way'),(75,'2022-08-30',35387,'Ap #820-8329 Vel Rd.',89,'Talon','07624055823','10:23 PM',43,71,'packing'),(76,'2023-02-27',453701,'P.O. Box 198, 6212 In Ave',69,'Griffith','07624589534','12:36 AM',14,95,'delivered'),(77,'2022-05-29',380826,'7326 Sem Avenue',46,'Chadwick','07624474574','2:19 AM',43,54,'on the way'),(78,'2023-11-10',23703,'940-9605 Nec Street',44,'Stephen','07624258553','7:45 AM',48,95,'packing'),(79,'2023-02-17',471024,'P.O. Box 436, 6137 In Road',79,'Hu','0800878843','5:35 AM',89,54,'on the way'),(80,'2023-10-14',73177,'687-3600 Dolor Ave',7,'Eric','07624384882','12:28 AM',66,12,'packing'),(81,'2023-12-06',494223,'Ap #534-6818 In Street',47,'Reuben','0800382823','3:19 PM',57,57,'delivered'),(82,'2023-11-07',401839,'Ap #569-1133 Suspendisse Ave',26,'Elliott','0800768438','11:30 PM',86,8,'packing'),(83,'2023-11-29',277800,'700-9810 Ut Av.',31,'Bert','0800558446','12:59 PM',40,93,'on the way'),(84,'2022-10-20',148311,'Ap #626-472 Dapibus Ave',71,'Blaze','07624220782','4:52 AM',9,1,'packing'),(85,'2023-07-09',387874,'844-6340 Sed Ave',91,'Jerome','07624357474','7:07 PM',91,90,'delivered'),(86,'2022-09-09',92971,'P.O. Box 691, 9764 At, Road',38,'Cade','07624230906','8:57 AM',89,77,'packing'),(87,'2022-08-26',292017,'Ap #886-3330 Fermentum Avenue',69,'Bruce','0800644848','2:31 AM',96,57,'delivered'),(88,'2024-02-15',403060,'P.O. Box 653, 4202 Tellus Road',50,'Stone','07624512378','5:57 AM',52,21,'on the way'),(89,'2023-09-25',263117,'580-5905 Eleifend Avenue',68,'Micah','0800458779','4:38 AM',80,46,'packing'),(90,'2023-02-26',289817,'536-7375 Interdum Ave',90,'Baker','0800841480','5:12 PM',18,84,'delivered'),(91,'2022-10-18',162143,'Ap #308-1971 Etiam Rd.',20,'Zephania','07624572354','10:45 AM',17,26,'on the way'),(92,'2023-04-04',103701,'791-8169 Urna Ave',75,'Basil','0800168586','12:41 AM',48,58,'packing'),(93,'2024-01-03',377309,'9692 Curae St.',85,'Zachary','0800656652','2:05 PM',76,48,'delivered'),(94,'2023-11-01',443662,'246-134 Hendrerit Road',98,'Kareem','07624172873','12:19 PM',87,65,'on the way'),(95,'2023-10-11',128994,'Ap #812-1024 Convallis St.',77,'Burton','0800124718','10:45 AM',82,91,'packing'),(96,'2023-03-10',158786,'Ap #535-8357 In, Road',64,'Zeph','0800009455','6:00 AM',72,82,'delivered'),(97,'2023-05-03',498438,'Ap #826-6242 Purus, Av.',70,'Acton','07624849873','7:17 PM',84,76,'on the way'),(98,'2022-07-10',423985,'650-4703 Enim. Rd.',45,'Herman','0800898534','3:08 PM',1,24,'packing'),(99,'2022-04-13',231813,'600-1632 Gravida Ave',28,'Drew','0800235163','11:00 AM',68,3,'delivered'),(100,'2022-07-24',455157,'569-6900 Erat Road',76,'Aidan','07624276116','3:08 PM',31,67,'on the way');


DROP TABLE IF EXISTS payment;

CREATE TABLE payment (
  `PayId` int NOT NULL AUTO_INCREMENT,
  `Amount` int NOT NULL,
  `Pay_type` varchar(50) NOT NULL,
  `CartId` int NOT NULL,
  `CustId` int DEFAULT NULL,
  PRIMARY KEY (`PayId`,`CartId`),
  UNIQUE KEY `PayId` (`PayId`),
  KEY `CustId` (`CustId`),
  CONSTRAINT `payment_ibfk_1` FOREIGN KEY (`CustId`) REFERENCES `customer` (`CustId`)
) ;


INSERT INTO `payment` VALUES (1,287663,'upi',42,10),(2,203028,'debit card',15,46),(3,196878,'netbanking',42,99),(4,458754,'cash',40,94),(5,372329,'debit card',9,95),(6,458262,'upi',44,3),(7,372155,'credit card',31,12),(8,219582,'upi',80,82),(9,2321,'debit card',12,17),(10,389025,'netbanking',49,11),(11,271122,'upi',51,88),(12,234023,'debit card',59,34),(13,106412,'cash',80,85),(14,363352,'credit card',17,85),(15,274922,'upi',62,88),(16,27014,'debit card',84,56),(17,82445,'netbanking',67,16),(18,5458,'upi',79,19),(19,41953,'upi',92,62),(20,494729,'debit card',29,82),(21,145929,'cash',89,19),(22,59343,'upi',87,51),(23,212930,'credit card',89,13),(24,451574,'netbanking',13,71),(25,17089,'upi',58,37),(26,297756,'debit card',42,62),(27,447629,'cash',67,36),(28,253331,'credit card',84,21),(29,326072,'cash',90,60),(30,20112,'netbanking',79,59),(31,153425,'debit card',90,86),(32,365687,'cash',26,37),(33,9612,'upi',25,31),(34,53673,'credit card',47,69),(35,11140,'cash',98,74),(36,376368,'debit card',88,60),(37,346988,'upi',43,83),(38,428641,'credit card',59,28),(39,345117,'cash',99,78),(40,173594,'debit card',35,93),(41,7643,'cash',74,25),(42,428901,'cash',43,61),(43,224928,'netbanking',9,60),(44,461716,'upi',14,16),(45,408246,'cash',50,51),(46,296540,'debit card',83,69),(47,483607,'netbanking',10,12),(48,216940,'credit card',81,3),(49,400831,'cash',65,61),(50,155786,'debit card',31,18),(51,227441,'upi',20,79),(52,152014,'credit card',90,72),(53,177143,'netbanking',8,22),(54,444560,'cash',40,3),(55,421215,'debit card',3,96),(56,195294,'cash',78,18),(57,91403,'upi',26,98),(58,305869,'credit card',85,82),(59,161999,'cash',57,92),(60,477628,'debit card',62,6),(61,114912,'cash',39,15),(62,477300,'credit card',75,10),(63,22607,'upi',46,41),(64,178460,'cash',3,17),(65,9840,'debit card',47,47),(66,257722,'cash',37,60),(67,399907,'netbanking',42,86),(68,117185,'cash',53,82),(69,412403,'cash',96,85),(70,270859,'debit card',20,6),(71,76231,'upi',79,25),(72,358815,'netbanking',16,72),(73,434568,'cash',74,71),(74,125942,'debit card',70,93),(75,274337,'cash',73,75),(76,428438,'upi',17,28),(77,78200,'debit card',31,59),(78,347392,'cash',39,65),(79,467202,'cash',69,9),(80,293720,'netbanking',44,83),(81,74984,'debit card',33,48),(82,249024,'cash',12,53),(83,134100,'upi',11,67),(84,104166,'cash',34,74),(85,161280,'debit card',65,56),(86,431816,'cash',13,79),(87,379503,'cash',15,3),(88,306821,'credit card',9,49),(89,54381,'netbanking',30,72),(90,490203,'upi',78,2),(91,66518,'debit card',63,78),(92,439806,'cash',85,32),(93,163877,'netbanking',39,72),(94,99857,'cash',81,70),(95,83749,'debit card',39,9),(96,304044,'upi',81,47),(97,254903,'netbanking',88,21),(98,212526,'credit card',98,5),(99,322770,'debit card',84,53),(100,303090,'netbanking',20,98);






DROP TABLE IF EXISTS supplier;

CREATE TABLE supplier (
  `SuppId` int NOT NULL AUTO_INCREMENT,
  `sup_firstname` varchar(255) DEFAULT NULL,
  `sup_middlename` varchar(255) DEFAULT NULL,
  `sup_lastname` varchar(255) DEFAULT NULL,
  `OrderId` int DEFAULT NULL,
  `Order_addr` varchar(511) DEFAULT NULL,
  `OrderDate` varchar(255) DEFAULT NULL,
  PRIMARY KEY (`SuppId`),
  UNIQUE KEY `SuppId` (`SuppId`)
) ;


INSERT INTO supplier VALUES (1,'Dyer','Yardley','Myles',12,'Ap #780-1961 Consequat St.','2022-11-20 18:11:26'),(2,'Gutierrez','Clare','Logan',20,'924-2655 Quisque Av.','2023-03-02 15:50:32'),(3,'Robles','Abel','Brittany',53,'Ap #229-8781 Magna. Rd.','2023-04-18 21:51:38'),(4,'Mcneil','Kiona','Ferris',61,'627-1295 Netus St.','2024-01-15 19:08:29'),(5,'Cote','Callum','Bryar',49,'127 Nunc Av.','2023-10-18 05:21:44'),(6,'Bishop','Camden','Colton',68,'P.O. Box 619, 8425 Etiam Street','2023-11-07 18:35:39'),(7,'Blevins','Mara','Jamal',40,'104-850 Orci Rd.','2023-07-29 08:50:59'),(8,'Kirkland','Jesse','Mari',53,'821-453 Amet Ave','2023-12-17 22:09:25'),(9,'Anthony','Burke','Lois',24,'785-5998 Molestie Street','2023-05-29 17:17:31'),(10,'Fleming','Gillian','Jesse',33,'620-7305 Lectus. St.','2023-01-02 17:28:33'),(11,'Ferguson','Curran','Talon',30,'Ap #550-4246 Massa St.','2023-04-05 04:46:49'),(12,'Patel','Lionel','Shelly',96,'467-8439 Sed Ave','2022-06-29 22:17:18'),(13,'Velasquez','Kaitlin','Francis',34,'2634 Felis Street','2023-12-08 07:34:43'),(14,'Bentley','Nissim','Norman',56,'544-4258 Ut Ave','2022-09-15 16:17:36'),(15,'Fletcher','Scarlett','Xenos',95,'Ap #121-6261 Morbi Avenue','2023-01-21 00:17:44'),(16,'English','John','Marvin',14,'P.O. Box 278, 2999 Non Avenue','2023-05-17 05:33:42'),(17,'Noble','Norman','Xenos',16,'372-4124 Posuere St.','2022-05-15 05:38:49'),(18,'Castaneda','Mariko','Jelani',21,'P.O. Box 663, 4203 Magna. Road','2022-08-11 10:45:38'),(19,'Sullivan','Charlotte','Gage',93,'183-7281 Erat. Street','2022-03-22 02:56:05'),(20,'Foster','Tanisha','Iona',83,'Ap #950-3580 Nec, Road','2022-05-12 05:06:29'),(21,'Lara','Hadley','Lillian',85,'Ap #641-7082 Consequat Road','2023-07-11 02:33:12'),(22,'Cortez','Abraham','Liberty',96,'7140 Convallis Road','2023-04-26 21:18:17'),(23,'Bond','Davis','Shay',46,'5363 At, Street','2023-10-03 05:49:26'),(24,'May','Eaton','Arthur',49,'597-127 Ligula. Ave','2022-10-18 22:31:29'),(25,'Bryan','Winter','Colorado',8,'740-4480 Elit. Road','2024-02-07 02:06:56'),(26,'William','Dorothy','Bell',3,'Ap #778-4776 Condimentum. Road','2023-03-22 18:51:20'),(27,'Shaffer','Mariko','Nelle',76,'P.O. Box 363, 4768 Cursus. Rd.','2023-01-24 17:53:02'),(28,'Hamilton','Azalia','Leroy',35,'P.O. Box 444, 1760 Elementum, Ave','2023-09-04 14:53:57'),(29,'Mendoza','Castor','Herman',75,'P.O. Box 567, 582 Sit Ave','2022-02-22 04:44:39'),(30,'Yates','Jael','Lesley',81,'Ap #439-2679 At, Rd.','2022-10-02 05:22:20'),(31,'William','Levi','Vivien',72,'Ap #602-2489 Etiam Road','2022-11-02 17:11:36'),(32,'Koch','Dane','Maris',93,'Ap #194-7748 Mauris St.','2022-03-25 19:57:17'),(33,'Pollard','Celeste','Courtney',24,'9008 Imperdiet St.','2023-02-08 01:07:58'),(34,'Dillon','Evelyn','Herman',64,'240-5947 Nonummy Rd.','2022-02-19 23:48:26'),(35,'Lane','Briar','Norman',77,'P.O. Box 545, 663 Magna. Rd.','2023-12-25 12:45:38'),(36,'Herrera','Bevis','Amos',18,'Ap #901-5036 Sagittis Avenue','2023-12-02 19:05:13'),(37,'Sherman','Baxter','Evangeline',69,'3662 Eu Street','2022-03-17 18:00:36'),(38,'Burris','Martena','Rhea',84,'Ap #502-7182 Arcu. Av.','2022-12-07 08:31:25'),(39,'Mann','Lila','Zachary',58,'Ap #684-2621 Vivamus Rd.','2023-02-03 04:49:55'),(40,'Bass','Colton','Kristen',25,'363-7927 Mi St.','2022-10-27 06:08:39'),(41,'Blankenship','Laura','Carol',85,'7407 Suspendisse St.','2022-05-23 15:42:05'),(42,'Shelton','Isadora','Brooke',88,'287-6810 Dapibus Av.','2023-06-24 18:22:07'),(43,'Workman','Moses','Sandra',79,'783-8083 Erat St.','2023-12-30 08:22:03'),(44,'Harvey','Noah','Kelly',90,'Ap #838-1629 Laoreet St.','2022-12-19 21:54:53'),(45,'Neal','Mason','Dale',9,'Ap #955-5412 Duis Rd.','2022-09-23 17:46:00'),(46,'Sanchez','Kimberley','Natalie',59,'Ap #640-2999 Consectetuer Avenue','2024-02-08 23:30:24'),(47,'O\'brien','Dana','Ray',43,'1380 Turpis. St.','2023-03-23 10:53:53'),(48,'Stevens','Cruz','Peter',39,'Ap #798-4803 Aliquam Road','2023-08-09 00:01:05'),(49,'Anderson','Winter','Astra',95,'327-7951 Tempor St.','2023-05-28 19:44:22'),(50,'Dorsey','Hannah','Kimberly',13,'545-4514 Et Ave','2024-01-06 04:00:23'),(51,'Patton','Daquan','Rafael',4,'953-5905 Suscipit, Street','2022-11-24 17:49:47'),(52,'Cote','Fay','Andrew',58,'Ap #838-3893 Ultrices. Rd.','2022-03-29 23:15:43'),(53,'Moon','Helen','Fallon',32,'P.O. Box 714, 2698 Ullamcorper, St.','2023-08-05 08:59:18'),(54,'Whitley','Nathaniel','Elton',60,'9883 Nec, Road','2024-01-27 21:19:15'),(55,'Pearson','Palmer','Gregory',18,'P.O. Box 301, 1606 Praesent St.','2022-05-27 05:13:12'),(56,'Richmond','Ralph','Clementine',93,'553-6481 Amet St.','2022-03-24 02:23:32'),(57,'Hicks','Nolan','Nathaniel',77,'Ap #479-6688 Curabitur Rd.','2023-01-20 14:32:35'),(58,'Kramer','Hedda','Phyllis',91,'4554 Praesent Av.','2022-07-23 18:46:14'),(59,'Lucas','Lee','Jolene',83,'P.O. Box 766, 6095 Orci St.','2023-09-18 13:04:02'),(60,'Justice','Shelby','Tyler',69,'P.O. Box 461, 5699 Praesent Street','2023-10-30 09:38:12'),(61,'Short','Reed','Emerald',50,'2175 Mattis. St.','2022-09-14 17:03:07'),(62,'Fields','Nathaniel','Hector',4,'142-2110 Neque. Ave','2022-04-07 21:50:06'),(63,'Thompson','Oliver','Bruce',95,'Ap #436-8242 Urna. Road','2022-08-31 14:36:23'),(64,'Nelson','Florence','Lara',50,'7324 Donec Street','2022-04-15 08:11:02'),(65,'Barry','Raja','Rudyard',57,'Ap #538-8458 Aenean Av.','2023-05-22 02:10:01'),(66,'Roberson','Carter','Indira',54,'987-8799 Suspendisse Ave','2023-09-14 07:21:09'),(67,'Lara','Carson','Erica',43,'530-8425 Nunc Rd.','2023-05-18 19:57:45'),(68,'Chang','Eleanor','Sheila',52,'Ap #475-9801 In St.','2022-05-30 06:12:46'),(69,'Cooley','Amaya','Nigel',69,'P.O. Box 874, 390 Fames Avenue','2022-02-19 10:12:26'),(70,'Warren','Moana','Erica',31,'624-4169 Aliquet, St.','2023-03-11 18:07:38'),(71,'Bush','Katelyn','Gage',80,'707-8410 Erat Road','2022-10-19 15:25:07'),(72,'Valdez','Nichole','James',15,'Ap #498-6799 Pellentesque St.','2022-03-19 14:49:17'),(73,'Dyer','Gabriel','Bevis',11,'Ap #975-6869 Praesent Avenue','2022-12-10 09:37:42'),(74,'Macdonald','Daria','Porter',84,'P.O. Box 722, 5628 Pharetra. Av.','2023-10-10 21:30:54'),(75,'Castillo','Farrah','Lacy',91,'974-9933 Curae Street','2023-11-09 10:32:41'),(76,'Velasquez','Kamal','Driscoll',98,'Ap #140-7889 Nulla Ave','2022-09-02 08:13:39'),(77,'Dunlap','Levi','Ezra',85,'Ap #920-8073 Aenean Rd.','2022-09-23 16:39:50'),(78,'Edwards','Devin','Malik',54,'Ap #397-5573 Nunc Rd.','2022-11-19 15:39:24'),(79,'Johnson','Wesley','Nasim',75,'395-3895 Porttitor Rd.','2024-01-05 10:50:10'),(80,'Bernard','Jesse','Jane',47,'P.O. Box 270, 8076 Odio. Avenue','2023-03-01 12:17:45'),(81,'Ewing','Carol','Juliet',72,'314-6280 Amet, Av.','2023-07-01 16:01:56'),(82,'Gates','Jasper','Hedda',29,'1203 Euismod Rd.','2023-01-16 14:52:00'),(83,'Sullivan','Demetria','Michael',85,'P.O. Box 295, 6935 Eu, Avenue','2022-11-24 12:46:51'),(84,'Berger','Noel','Miranda',41,'225-9978 At Rd.','2022-03-14 15:50:23'),(85,'Henson','Burke','Shea',61,'Ap #343-1353 Eget, Road','2023-01-20 15:33:05'),(86,'Levy','Damian','Cain',77,'Ap #572-6575 Enim. Rd.','2022-12-03 00:08:51'),(87,'Fulton','Noelani','Xyla',24,'Ap #604-7436 Ligula. Rd.','2024-01-03 12:08:41'),(88,'Carpenter','Carolyn','Kuame',28,'Ap #143-3964 Quis Rd.','2022-06-11 13:14:51'),(89,'Castillo','August','Aretha',86,'Ap #445-2376 Quam. Avenue','2024-01-28 06:50:09'),(90,'Ray','Carissa','Chase',75,'755-3315 Lorem, Street','2023-11-05 13:46:07'),(91,'Goodman','Imani','Amal',29,'P.O. Box 747, 9813 Placerat Rd.','2023-03-20 17:06:57'),(92,'Sandoval','Pamela','Robert',66,'Ap #842-7164 Cursus Road','2023-04-29 21:57:59'),(93,'Whitaker','Keegan','Daryl',81,'831-6803 Donec Av.','2023-04-01 01:49:25'),(94,'Sellers','Adam','Stephen',32,'P.O. Box 679, 3376 Justo. St.','2022-11-10 12:01:44'),(95,'Williamson','Rhoda','Ria',64,'Ap #399-8508 Iaculis, Road','2022-12-26 03:20:28'),(96,'Atkinson','Brendan','Lawrence',73,'Ap #733-2109 Posuere Avenue','2022-09-18 11:18:46'),(97,'Davidson','David','Dane',46,'Ap #387-4968 A Road','2022-10-09 23:38:28'),(98,'Rosario','Alec','Hollee',40,'Ap #292-7289 Etiam Road','2022-07-12 04:20:15'),(99,'Estes','Jarrod','Karly',100,'345-8126 Malesuada. St.','2022-07-14 07:32:04'),(100,'Wright','Jennifer','Jordan',39,'2484 Purus, Av.','2022-07-25 10:51:13');
